"","sigpe","sigpb","ncase","rho","rel","rpe.cor","p.pe","sig.pe","rpb.cor","p.pb","sig.pb","sigpe.1","sigpb.1","x"
"1",0,0,20,0,0.3,-0.0101450102087683,0.549227351768001,0,-0.00960763336797756,0.526618129120337,0,0,0,94
"2",1,0,20,0,0.3,-0.203892544227894,0.0278111167636927,1,-0.115954019689807,0.334095967969005,0,1,0,3
"3",0,1,20,0,0.3,-0.430273880016778,0.0582669519732123,0,-0.565152316770007,0.00941439940288868,1,0,1,1
"4",1,1,20,0,0.3,-0.00223209027385066,0.0261690717791564,1,0.0159008951268315,0.0303647905212014,1,1,1,2
"5",0,0,20,0.5,0.3,0.12295392792694,0.477094786842978,0,0.0793291878030125,0.55872275664628,0,0,0,88
"6",1,0,20,0.5,0.3,0.263583583894155,0.0197440490290898,1,0.179371819800926,0.093404287957658,0,1,0,4
"7",0,1,20,0.5,0.3,0.298885835609713,0.225247471197459,0,0.304895625260234,0.0341102316393741,1,0,1,5
"8",1,1,20,0.5,0.3,0.51832173000343,0.0205793106325989,1,0.508814620606008,0.0300201396886023,1,1,1,3
"9",0,0,20,0,0.4,-0.0049547011039408,0.544809708113049,0,-0.0121595261792803,0.506749168308343,0,0,0,90
"10",1,0,20,0,0.4,-0.00771698327315197,0.0272964751928649,1,0.0092824789062307,0.157548138837709,0,1,0,6
"11",0,1,20,0,0.4,-0.386131115886763,0.0957359166102974,0,-0.474460760177348,0.0360129963619666,1,0,1,2
"12",1,1,20,0,0.4,-0.52955951132427,0.0171594175342154,1,-0.527718020531017,0.0182359219940354,1,1,1,2
"13",0,0,20,0.5,0.4,0.13683652866081,0.497772006733947,0,0.0831567310828618,0.563130684655939,0,0,0,89
"14",1,0,20,0.5,0.4,0.475432655110928,0.035407436829777,1,0.374437740145664,0.114076430857071,0,1,0,4
"15",0,1,20,0.5,0.4,0.383509420887512,0.0958810940263963,0,0.481292578670537,0.0334728137332284,1,0,1,2
"16",1,1,20,0.5,0.4,0.536826933202744,0.0185776698693866,1,0.493676713856793,0.028882681644735,1,1,1,5
"17",0,0,20,0,0.5,-0.00357004188618431,0.47606484085721,0,-0.0102529334571649,0.500859376985488,0,0,0,95
"18",1,0,20,0,0.5,0.174100702207423,0.0259444549016868,1,-0.0219678673353874,0.36272250877381,0,1,0,3
"19",0,1,20,0,0.5,0.0308305218935831,0.220715983484354,0,-0.000400529774691349,0.0351496136659166,1,0,1,2
"20",0,0,20,0.5,0.5,0.133467057219709,0.5251879411631,0,0.104739483772154,0.547821605967347,0,0,0,74
"21",1,0,20,0.5,0.5,0.512728842097015,0.0233622628320584,1,0.320118380407261,0.207338227086707,0,1,0,13
"22",0,1,20,0.5,0.5,0.305573829017309,0.232839447445082,0,0.509402387304688,0.0253147521683438,1,0,1,5
"23",1,1,20,0.5,0.5,0.576287679707184,0.0113966160613462,1,0.562130425070717,0.0138924678298223,1,1,1,8
"24",0,0,20,0,0.6,0.00327125247039336,0.479385083054515,0,-0.0220472627738517,0.479468581027482,0,0,0,93
"25",1,0,20,0,0.6,-0.491086536429492,0.0278933766259989,1,-0.310336098378662,0.182971109832758,0,1,0,1
"26",0,1,20,0,0.6,-0.163633736071933,0.207447238659296,0,-0.332721349794733,0.0246014546739033,1,0,1,5
"27",1,1,20,0,0.6,-0.682355252782957,0.000917685526536591,1,-0.564400952030295,0.00953046837178257,1,1,1,1
"28",0,0,20,0.5,0.6,0.218876961098116,0.373442914594502,0,0.145721459963357,0.483839224151281,0,0,0,71
"29",1,0,20,0.5,0.6,0.52585941484294,0.0210914526654415,1,0.321869946394403,0.190397668817249,0,1,0,13
"30",0,1,20,0.5,0.6,0.281422215336018,0.26317148381524,0,0.48124031389434,0.0335516415346833,1,0,1,3
"31",1,1,20,0.5,0.6,0.608189227376011,0.0106310761084481,1,0.546832667849159,0.0201317567028131,1,1,1,13
"32",0,0,20,0,0.7,-0.0346700809204689,0.571136793629923,0,-0.01047734822959,0.572122538456787,0,0,0,89
"33",1,0,20,0,0.7,0.341382654478943,0.0249641639623794,1,0.244972825854348,0.105905167854415,0,1,0,6
"34",0,1,20,0,0.7,0.121225717918918,0.255780064788988,0,-0.0222627077181217,0.0177245643007803,1,0,1,2
"35",1,1,20,0,0.7,-0.182191289056841,0.0264957032462698,1,-0.153193626294839,0.0327741718404901,1,1,1,3
"36",0,0,20,0.5,0.7,0.229725340470322,0.380490368864961,0,0.186025546462885,0.425589480112264,0,0,0,66
"37",1,0,20,0.5,0.7,0.501293890715005,0.0273810437624504,1,0.336858928824278,0.178307389529379,0,1,0,17
"38",0,1,20,0.5,0.7,0.379919310118211,0.11673237443953,0,0.478624288942761,0.0338775020207055,1,0,1,10
"39",1,1,20,0.5,0.7,0.537223656096546,0.0198937388319605,1,0.564192691324578,0.0152498401706494,1,1,1,7
"40",0,0,20,0,0.8,0.029355286164819,0.515905290231411,0,0.0354951655034386,0.507732346337422,0,0,0,89
"41",1,0,20,0,0.8,0.540372012089308,0.0144904502999569,1,0.440380402600917,0.05198735807055,0,1,0,2
"42",0,1,20,0,0.8,-0.0610139149667582,0.162578618225484,0,-0.087652786805344,0.0358308559770158,1,0,1,5
"43",1,1,20,0,0.8,-0.00556158058332068,0.0176218696804699,1,-0.0483679268666132,0.030522870487188,1,1,1,4
"44",0,0,20,0.5,0.8,0.277953985038224,0.29066878476626,0,0.199567422582666,0.392180242823012,0,0,0,53
"45",1,0,20,0.5,0.8,0.527444622582386,0.0217177528571383,1,0.307761580396052,0.229561270493763,0,1,0,20
"46",0,1,20,0.5,0.8,0.390137995661336,0.0992860140956048,0,0.51255101988045,0.0289733067541154,1,0,1,3
"47",1,1,20,0.5,0.8,0.610740009269813,0.0100269380208365,1,0.571159675888841,0.0156667338286897,1,1,1,24
"48",0,0,20,0,0.9,0.0071230140791819,0.510586658496435,0,-0.00567196317448387,0.519374422223741,0,0,0,88
"49",1,0,20,0,0.9,0.244904524241608,0.0263481547254948,1,0.130857313340913,0.180414969536378,0,1,0,4
"50",0,1,20,0,0.9,-0.130029113804773,0.386617319018347,0,-0.228038809527888,0.0278669655637229,1,0,1,7
"51",1,1,20,0,0.9,-0.595954259419392,0.00555481752019036,1,-0.46674761566907,0.0380175170215818,1,1,1,1
"52",0,0,20,0.5,0.9,0.287063748902941,0.258629235350559,0,0.215124343195094,0.370898261506402,0,0,0,41
"53",1,0,20,0.5,0.9,0.526767647182174,0.020675365859226,1,0.322926434222186,0.208193595235753,0,1,0,28
"54",0,1,20,0.5,0.9,0.391210644008154,0.0901640125905833,0,0.487966382375313,0.0296931160359234,1,0,1,4
"55",1,1,20,0.5,0.9,0.606739931787381,0.00966543029363619,1,0.583701062241058,0.0162062571376962,1,1,1,27
"56",0,0,40,0,0.3,-0.0259921925971145,0.496448099405245,0,-0.0280652184174235,0.532713690699952,0,0,0,92
"57",1,0,40,0,0.3,0.00153862403940433,0.0135030051730921,1,0.00506159513071394,0.12974211380448,0,1,0,2
"58",0,1,40,0,0.3,-0.244667394760074,0.154463718992558,0,-0.344594785183559,0.0324652589317678,1,0,1,4
"59",1,1,40,0,0.3,0.0333737094752994,0.0305439967022712,1,-0.0196078704043883,0.00916633986556116,1,1,1,2
"60",0,0,40,0.5,0.3,0.0988710589012094,0.456374441980943,0,0.0797510207512265,0.487609079917111,0,0,0,86
"61",1,0,40,0.5,0.3,0.360004173380689,0.0267948864927737,1,0.210089971778267,0.214969819258796,0,1,0,7
"62",0,1,40,0.5,0.3,0.144669881457216,0.455095467838261,0,0.383581684240368,0.016732417740979,1,0,1,4
"63",1,1,40,0.5,0.3,0.41133131172436,0.0138608067101444,1,0.388913468830559,0.0159635763074838,1,1,1,3
"64",0,0,40,0,0.4,0.00709225876702817,0.529890955136792,0,0.0018991211485297,0.525403772343359,0,0,0,95
"65",1,0,40,0,0.4,0.000921650275932967,0.0312595286040816,1,-0.0147297032260216,0.246584178040633,0,1,0,4
"66",0,1,40,0,0.4,0.211282646472252,0.190626726113596,0,0.346822618762649,0.0283435453168237,1,0,1,1
"67",0,0,40,0.5,0.4,0.132898543592869,0.416137631843524,0,0.103419404508895,0.462686723925501,0,0,0,73
"68",1,0,40,0.5,0.4,0.34567691517942,0.0329427779281203,1,0.222064697343123,0.190282972977237,0,1,0,13
"69",0,1,40,0.5,0.4,0.219801718494923,0.200344990265356,0,0.324841223151148,0.0413545483682107,1,0,1,5
"70",1,1,40,0.5,0.4,0.420634648942476,0.0105190979514865,1,0.399044611123755,0.0141576080726542,1,1,1,9
"71",0,0,40,0,0.5,0.0103982538365298,0.574335879234099,0,-0.00332375225801676,0.55607966334655,0,0,0,93
"72",1,0,40,0,0.5,0.313759940154803,0.0486587043043725,1,0.150130474698116,0.355145375727147,0,1,0,1
"73",0,1,40,0,0.5,-0.191940911748573,0.235417805916703,0,-0.432067546345465,0.00536761514037253,1,0,1,1
"74",1,1,40,0,0.5,-0.265831355523785,0.00728273363016013,1,-0.24869861303046,0.0210917482129351,1,1,1,5
"75",0,0,40,0.5,0.5,0.143035709487483,0.379182266240121,0,0.0931759113266326,0.473878595344102,0,0,0,66
"76",1,0,40,0.5,0.5,0.379524686648334,0.0199988982079506,1,0.231535570631418,0.197006753782208,0,1,0,12
"77",0,1,40,0.5,0.5,0.286688556983879,0.0744129354623944,0,0.370363358124633,0.0239098201175819,1,0,1,5
"78",1,1,40,0.5,0.5,0.409159504966573,0.013933277551644,1,0.394367645594395,0.0191987010632443,1,1,1,17
"79",0,0,40,0,0.6,0.017266780892504,0.570931866963739,0,0.0314109662958806,0.533228779267922,0,0,0,89
"80",1,0,40,0,0.6,-0.225532638434831,0.0175695405106838,1,-0.155706842075409,0.119265497412202,0,1,0,5
"81",0,1,40,0,0.6,0.0170471564243306,0.0830766703893817,0,0.0576619679394234,0.0170386935813909,1,0,1,2
"82",1,1,40,0,0.6,-0.0232089335309349,0.0246795265254494,1,-0.0243919892947037,0.0247310058195288,1,1,1,4
"83",0,0,40,0.5,0.6,0.199526353013314,0.26761356982991,0,0.144036786569918,0.425078898212489,0,0,0,44
"84",1,0,40,0.5,0.6,0.369107883300991,0.0238533086723723,1,0.244080626922108,0.147834162135054,0,1,0,27
"85",0,1,40,0.5,0.6,0.127443152576083,0.433236270843483,0,0.325974573469489,0.0401002082673274,1,0,1,1
"86",1,1,40,0.5,0.6,0.442169197289102,0.0102127209082789,1,0.408896612968383,0.0151732271214438,1,1,1,28
"87",0,0,40,0,0.7,0.0108799929686128,0.603976509771948,0,0.0161100052574564,0.594693488094803,0,0,0,91
"88",1,0,40,0,0.7,0.123980393725562,0.0289245828608284,1,0.0319461577113918,0.350463630996903,0,1,0,3
"89",0,1,40,0,0.7,-0.261848711178989,0.122171510871641,0,-0.356495868453325,0.024734362031462,1,0,1,4
"90",1,1,40,0,0.7,-0.429227251859231,0.00617100702862249,1,-0.38482831685679,0.0195274275727192,1,1,1,2
"91",0,0,40,0.5,0.7,0.201243369428293,0.267369670158186,0,0.13520971457716,0.398357563665867,0,0,0,36
"92",1,0,40,0.5,0.7,0.390767377767903,0.0178525150359154,1,0.231908359081898,0.175629435291545,0,1,0,24
"93",0,1,40,0.5,0.7,0.282726292990859,0.0879251740759556,0,0.407175445540521,0.017223090952119,1,0,1,6
"94",1,1,40,0.5,0.7,0.456477665628596,0.00969062873635813,1,0.413077775912133,0.0135750014745268,1,1,1,34
"95",0,0,40,0,0.8,-0.00760706992633727,0.514184362886781,0,-0.0187650669405737,0.532804673295732,0,0,0,91
"96",1,0,40,0,0.8,-0.355590666215926,0.0251154718845856,1,-0.22302106025478,0.220105355045942,0,1,0,2
"97",0,1,40,0,0.8,-0.0151503975817778,0.157469043969213,0,0.00312662493178634,0.0272162840195647,1,0,1,6
"98",1,1,40,0,0.8,0.347327748620354,0.0280986565195929,1,0.356649083655514,0.0238845804041801,1,1,1,1
"99",0,0,40,0.5,0.8,0.232101708437563,0.19560784488029,0,0.134591323613581,0.443544967645214,0,0,0,21
"100",1,0,40,0.5,0.8,0.393313742355585,0.0187732129125249,1,0.22432431945226,0.185923328752861,0,1,0,25
"101",0,1,40,0.5,0.8,0.263645842076244,0.103808671406098,0,0.360603289193552,0.0274175747414249,1,0,1,6
"102",1,1,40,0.5,0.8,0.470192124214801,0.00667978375976033,1,0.41634653768419,0.0133770342908466,1,1,1,48
"103",0,0,40,0,0.9,0.00886877781947094,0.520982660883303,0,0.0123606907029566,0.486866152945701,0,0,0,92
"104",1,0,40,0,0.9,-0.0410875383165425,0.0241311036071343,1,-0.0176680339224327,0.132938814242695,0,1,0,2
"105",0,1,40,0,0.9,-0.108317659889543,0.245911687928404,0,-0.180336812405257,0.0282391840930652,1,0,1,4
"106",1,1,40,0,0.9,-0.036191932495218,0.012891033788957,1,-0.00461820616772368,0.0160857010516577,1,1,1,2
"107",0,0,40,0.5,0.9,0.256753799190891,0.123746551102057,0,0.187755498519074,0.272283480274947,0,0,0,12
"108",1,0,40,0.5,0.9,0.414392507337805,0.0105361260116315,1,0.255713076817355,0.133088046219863,0,1,0,18
"109",0,1,40,0.5,0.9,0.311399520435587,0.0504710435687561,0,0.332242306164121,0.0362097149908587,1,0,1,1
"110",1,1,40,0.5,0.9,0.506946107220042,0.00461187569159393,1,0.442202590824227,0.0109520868522258,1,1,1,69
"111",0,0,60,0,0.3,-0.0094081994117005,0.54761683584625,0,-0.0152306948112507,0.518037589980253,0,0,0,92
"112",1,0,60,0,0.3,-0.0780162599438987,0.032177322643509,1,-0.0515597734821504,0.159011655767928,0,1,0,3
"113",0,1,60,0,0.3,0.12214343847168,0.115671550586338,0,0.136893890672787,0.0238392370230942,1,0,1,4
"114",1,1,60,0,0.3,0.295050115388801,0.0221037999430325,1,0.371861364790319,0.00343868221443899,1,1,1,1
"115",0,0,60,0.5,0.3,0.0705929330814116,0.486751123987924,0,0.0508144193827615,0.541641998149645,0,0,0,71
"116",1,0,60,0.5,0.3,0.287368392541311,0.0270591968318617,1,0.19231626070467,0.181542024394292,0,1,0,12
"117",0,1,60,0.5,0.3,0.230288095064554,0.079000308023966,0,0.285314247894351,0.0301868008425884,1,0,1,5
"118",1,1,60,0.5,0.3,0.289802115281,0.0154311794627964,1,0.252377232434985,0.0232378304055298,1,1,1,12
"119",0,0,60,0,0.4,0.0126139567822548,0.593064585201516,0,0.00427760952242398,0.547858029624506,0,0,0,90
"120",1,0,60,0,0.4,0.176107962996775,0.020991494911856,1,0.109286335538375,0.197347507356899,0,1,0,4
"121",0,1,60,0,0.4,-0.0121346143106388,0.342342136113254,0,0.0653984360965639,0.0249175548590991,1,0,1,3
"122",1,1,60,0,0.4,0.0882671562608405,0.0455688341248105,1,0.0772068515858128,0.0358099256959212,1,1,1,3
"123",0,0,60,0.5,0.4,0.116471405579404,0.37686376587921,0,0.0964252076316934,0.415844457296773,0,0,0,68
"124",1,0,60,0.5,0.4,0.32369945221066,0.0175673942360864,1,0.195616053297056,0.169171240729144,0,1,0,13
"125",0,1,60,0.5,0.4,0.20798669753692,0.126577910105085,0,0.278100200551259,0.0336083277484946,1,0,1,3
"126",1,1,60,0.5,0.4,0.35739085551873,0.0124147441043758,1,0.326871194840875,0.0166962191036989,1,1,1,16
"127",0,0,60,0,0.5,0.00680550136651453,0.503721178651381,0,0.00886635097564149,0.515032709949851,0,0,0,86
"128",1,0,60,0,0.5,-0.0707249423114054,0.0262009577278656,1,-0.0512664878524896,0.132036565569712,0,1,0,8
"129",0,1,60,0,0.5,0.0140276980227766,0.24148572120752,0,0.0141307055091167,0.0344989219911708,1,0,1,4
"130",1,1,60,0,0.5,0.300247721651651,0.0216712293031252,1,0.285251574996073,0.031682607172941,1,1,1,2
"131",0,0,60,0.5,0.5,0.150198558529533,0.282986678290718,0,0.0989119328586912,0.41655644644176,0,0,0,47
"132",1,0,60,0.5,0.5,0.308542196971489,0.0214032687711287,1,0.19255392750172,0.16639035842463,0,1,0,21
"133",0,1,60,0.5,0.5,0.213782186109224,0.108843558372334,0,0.281413525492512,0.031098532940932,1,0,1,8
"134",1,1,60,0.5,0.5,0.335346733542328,0.0171265031278618,1,0.334278849321149,0.0159929511898532,1,1,1,24
"135",0,0,60,0,0.6,0.0159101525996595,0.521241474758697,0,0.020144835351887,0.526933982592768,0,0,0,95
"136",1,0,60,0,0.6,-0.274387187731785,0.0338722663726077,1,-0.195823593315727,0.133745416279056,0,1,0,1
"137",0,1,60,0,0.6,0.117742441161681,0.38685007914102,0,0.257711626249783,0.0468171024326082,1,0,1,2
"138",1,1,60,0,0.6,0.0132262419134415,0.0105986682035974,1,0.0439185832361181,0.00906424405263489,1,1,1,2
"139",0,0,60,0.5,0.6,0.159406886060372,0.301984105986794,0,0.0970844727662676,0.457151541226923,0,0,0,38
"140",1,0,60,0.5,0.6,0.322427707493317,0.0166296017076059,1,0.17129770886348,0.220630617002022,0,1,0,25
"141",0,1,60,0.5,0.6,0.184445072836791,0.158314581463542,0,0.28141921721532,0.0304918127030679,1,0,1,3
"142",1,1,60,0.5,0.6,0.391898213473195,0.00555159997016079,1,0.364945930769085,0.0106713541075423,1,1,1,34
"143",0,0,60,0,0.7,0.00529518329669826,0.544182020475946,0,0.0106647819233778,0.537703491898087,0,0,0,97
"144",0,1,60,0,0.7,0.161584321424939,0.217418408980837,0,0.281514194777474,0.0293312564798911,1,0,1,1
"145",1,1,60,0,0.7,0.30183540215048,0.0193169812834872,1,0.268633482252365,0.0381334700751955,1,1,1,2
"146",0,0,60,0.5,0.7,0.200661042229563,0.142750292286929,0,0.140833988318109,0.323000148835335,0,0,0,19
"147",1,0,60,0.5,0.7,0.332537232994227,0.0136339034844615,1,0.19023364247931,0.158724950009029,0,1,0,18
"148",0,1,60,0.5,0.7,0.251876545235214,0.0522083791263424,0,0.394187577557262,0.00183093303556281,1,0,1,1
"149",1,1,60,0.5,0.7,0.409811265074044,0.00524518728208837,1,0.353719328799536,0.0125227834918225,1,1,1,62
"150",0,0,60,0,0.8,-0.0146005074089626,0.535882953566035,0,-0.00699643739740908,0.56368645427963,0,0,0,89
"151",1,0,60,0,0.8,0.193651160783316,0.0304119615748823,1,0.0893815183102133,0.250689150852894,0,1,0,6
"152",0,1,60,0,0.8,0.0457256747373786,0.118775131780961,0,0.0897620447423259,0.0449944612327055,1,0,1,3
"153",1,1,60,0,0.8,0.347891443204402,0.00803172668730046,1,0.323187018061476,0.0208725023715427,1,1,1,2
"154",0,0,60,0.5,0.8,0.204456974973958,0.125834119323061,0,0.16988273096785,0.232485969894997,0,0,0,9
"155",1,0,60,0.5,0.8,0.338901939717681,0.0136323727474269,1,0.195670202696029,0.144099299145263,0,1,0,15
"156",0,1,60,0.5,0.8,0.206567126415853,0.113299652816754,0,0.274453726869265,0.0338273094307169,1,0,1,1
"157",1,1,60,0.5,0.8,0.445301501992192,0.00261907470220194,1,0.385397328692272,0.00746275187690305,1,1,1,75
"158",0,0,60,0,0.9,-0.0143307750627127,0.559622487223239,0,-0.00674222935174916,0.528513656196335,0,0,0,96
"159",1,0,60,0,0.9,0.338933808535986,0.00807179023728599,1,0.208340153970776,0.110169494003512,0,1,0,1
"160",0,1,60,0,0.9,-0.136570259648323,0.434577140312018,0,-0.295116772452206,0.0221694883167002,1,0,1,2
"161",1,1,60,0,0.9,0.284357579627687,0.0276677935075129,1,0.311131869615904,0.0155329070852059,1,1,1,1
"162",0,0,60,0.5,0.9,0.197500014622428,0.156148068502068,0,0.120800512450209,0.369653766511599,0,0,0,2
"163",1,0,60,0.5,0.9,0.343304387651208,0.0170794187157273,1,0.188977867297516,0.196681948157328,0,1,0,15
"164",1,1,60,0.5,0.9,0.484494462785715,0.00183843436015339,1,0.406108475021677,0.00662563501017017,1,1,1,83
"165",0,0,80,0,0.3,-0.00893857528867449,0.550873589841376,0,-0.00996497922248355,0.564154384995039,0,0,0,96
"166",1,0,80,0,0.3,0.2550821173149,0.0223990364137416,1,0.217060597003416,0.0531107377706217,0,1,0,1
"167",1,1,80,0,0.3,-0.10473986763815,0.0196423961821714,1,-0.141625809306886,0.0164869132105288,1,1,1,3
"168",0,0,80,0.5,0.3,0.0923085123273425,0.399649532948278,0,0.0610313967672398,0.46846460938189,0,0,0,75
"169",1,0,80,0.5,0.3,0.263790287476933,0.0221159703144876,1,0.136175771987375,0.261054204899863,0,1,0,10
"170",0,1,80,0.5,0.3,0.171572200894382,0.134139506831371,0,0.260480725244461,0.0216335135402782,1,0,1,3
"171",1,1,80,0.5,0.3,0.311261659750573,0.0123700503072228,1,0.299025293195422,0.0107121085577515,1,1,1,12
"172",0,0,80,0,0.4,0.00690303947889057,0.499311164706297,0,0.00133069441964486,0.51964577684241,0,0,0,93
"173",1,0,80,0,0.4,-0.241389178939931,0.0309995994733352,1,-0.170003450324445,0.131650922177173,0,1,0,1
"174",0,1,80,0,0.4,-0.0129339585985902,0.148370170191508,0,-0.0363301699281989,0.0233949123964584,1,0,1,2
"175",1,1,80,0,0.4,-0.167404164192478,0.016055108215477,1,-0.14311341469547,0.0139138101965014,1,1,1,4
"176",0,0,80,0.5,0.4,0.131847845429872,0.279832242991162,0,0.0996175334710078,0.400075653606571,0,0,0,56
"177",1,0,80,0.5,0.4,0.254050116241627,0.026785243633966,1,0.16249651621943,0.173259293020908,0,1,0,23
"178",0,1,80,0.5,0.4,0.190824958119682,0.0907831613512794,0,0.268134955143467,0.026555463133125,1,0,1,2
"179",1,1,80,0.5,0.4,0.329427245586304,0.00782938685775438,1,0.286319027625808,0.0145053140073715,1,1,1,19
"180",0,0,80,0,0.5,0.00640906403201696,0.53036434509169,0,0.0143198991027439,0.530132255466589,0,0,0,89
"181",1,0,80,0,0.5,0.232755880890308,0.0384364440588917,1,0.110016565816513,0.399821169425896,0,1,0,2
"182",0,1,80,0,0.5,0.0224303152195805,0.180560126697228,0,0.0352492818008679,0.0243139873904839,1,0,1,4
"183",1,1,80,0,0.5,-0.0578127197127168,0.0231115761673956,1,-0.0730129367184739,0.022004042498355,1,1,1,5
"184",0,0,80,0.5,0.5,0.113196457547389,0.338291772167193,0,0.0730125870381327,0.454555148589246,0,0,0,32
"185",1,0,80,0.5,0.5,0.257855499591831,0.0253354823827853,1,0.167521979859193,0.156460062615094,0,1,0,29
"186",0,1,80,0.5,0.5,0.209059963914601,0.062733640768514,0,0.254181543160254,0.0289888536585721,1,0,1,2
"187",1,1,80,0.5,0.5,0.325848000386143,0.0102196004078957,1,0.291356299806186,0.0150635007631778,1,1,1,37
"188",0,0,80,0,0.6,0.000608150848297425,0.544200306139762,0,0.00113003335432237,0.535361346730355,0,0,0,91
"189",1,0,80,0,0.6,-0.282671570712674,0.0133225923048792,1,-0.182877462414701,0.110381907728983,0,1,0,3
"190",0,1,80,0,0.6,0.0255647922400092,0.18962164416714,0,-0.0135358609486066,0.0325012886415098,1,0,1,4
"191",1,1,80,0,0.6,-0.0370662103226608,0.021719144570399,1,0.00722808580877382,0.00527628740678199,1,1,1,2
"192",0,0,80,0.5,0.6,0.155442402269863,0.201140614825322,0,0.106737067169419,0.323294229144017,0,0,0,15
"193",1,0,80,0.5,0.6,0.292229667291065,0.0154514240282151,1,0.164992708190259,0.164858651809494,0,1,0,26
"194",0,1,80,0.5,0.6,0.177001291299917,0.117030307996703,0,0.254756927265708,0.0242374904488679,1,0,1,2
"195",1,1,80,0.5,0.6,0.348364344628954,0.0059821764156062,1,0.311595006745047,0.0116585072629544,1,1,1,57
"196",0,0,80,0,0.7,-0.00684256180321739,0.500706517859235,0,-0.0105729532342815,0.52610950286258,0,0,0,96
"197",0,1,80,0,0.7,0.0723196703223374,0.0917638067386371,0,0.0941448642243727,0.0313066557562916,1,0,1,3
"198",1,1,80,0,0.7,0.35984289778619,0.00104384058684848,1,0.222062300668661,0.0477351746381722,1,1,1,1
"199",0,0,80,0.5,0.7,0.167493063259025,0.16159595703136,0,0.120922442753515,0.360226415034855,0,0,0,4
"200",1,0,80,0.5,0.7,0.30125218081188,0.0131683911298577,1,0.175841617042264,0.139367885499005,0,1,0,25
"201",0,1,80,0.5,0.7,0.131121474954511,0.246316969563848,0,0.238076045544914,0.033454745466436,1,0,1,1
"202",1,1,80,0.5,0.7,0.393645094617027,0.002301621075319,1,0.331862662142252,0.00737821932879361,1,1,1,70
"203",0,0,80,0,0.8,-0.0029753140016813,0.566024478847264,0,-0.00839096560884583,0.55711806112169,0,0,0,90
"204",1,0,80,0,0.8,0.0955869471857648,0.0286642447708,1,0.0512263984215026,0.234622096728611,0,1,0,7
"205",0,1,80,0,0.8,-0.124614251936592,0.270748135688116,0,-0.22050673363085,0.049356720048519,1,0,1,1
"206",1,1,80,0,0.8,0.288761309038644,0.015288986059198,1,0.269176585304797,0.0165696667522504,1,1,1,2
"207",0,0,80,0.5,0.8,0.176667782913264,0.137041359803226,0,0.132441168919946,0.261962478527141,0,0,0,4
"208",1,0,80,0.5,0.8,0.32804922043125,0.00767131798764852,1,0.187695129116922,0.108884135051625,0,1,0,17
"209",1,1,80,0.5,0.8,0.414176561336009,0.00128716884542301,1,0.342829155845992,0.00825568314728391,1,1,1,79
"210",0,0,80,0,0.9,0.00543022288245414,0.578658367094784,0,0.0117171888726683,0.566960931278955,0,0,0,92
"211",1,0,80,0,0.9,0.0978821540509873,0.0221693405884955,1,0.0146549542821571,0.199203897064011,0,1,0,3
"212",0,1,80,0,0.9,0.0631107242397682,0.3978602991046,0,0.0819246319592005,0.0358514983492559,1,0,1,3
"213",1,1,80,0,0.9,0.0432644111166586,0.0127158783507479,1,0.0268858818504029,0.0145891588049423,1,1,1,2
"214",0,0,80,0.5,0.9,0.18219522715958,0.105764776384404,0,0.134503395303394,0.234237052725982,0,0,0,1
"215",1,0,80,0.5,0.9,0.269770817160503,0.0184812822949194,1,0.173858124755782,0.139777587331658,0,1,0,5
"216",1,1,80,0.5,0.9,0.453336100021022,0.00100386633541254,1,0.371139199358784,0.00598142738937033,1,1,1,94
"217",0,0,100,0,0.3,0.00762014165813148,0.547350156512927,0,0.0109080203890315,0.521428361198348,0,0,0,89
"218",1,0,100,0,0.3,0.0702296242271792,0.0289334198169444,1,0.0627389014648307,0.186689612127033,0,1,0,3
"219",0,1,100,0,0.3,-0.0239723917787245,0.140688369953763,0,-0.0326666743152581,0.0277871434519796,1,0,1,4
"220",1,1,100,0,0.3,-0.115898754795455,0.0264979623703634,1,-0.118964624224685,0.0151490160168006,1,1,1,4
"221",0,0,100,0.5,0.3,0.0918902119027279,0.357448710320555,0,0.0688358104317774,0.416057297480312,0,0,0,65
"222",1,0,100,0.5,0.3,0.218285721596066,0.0328050874582782,1,0.148252166576767,0.158949752804425,0,1,0,15
"223",0,1,100,0.5,0.3,0.123869903209676,0.118721806780159,0,0.14646186435724,0.0274554572106668,1,0,1,7
"224",1,1,100,0.5,0.3,0.259015641087215,0.0167398517843427,1,0.241232088509301,0.0205187892830422,1,1,1,13
"225",0,0,100,0,0.4,-0.000895550389838884,0.523178959275095,0,0.00563884000695173,0.529644040868963,0,0,0,92
"226",1,0,100,0,0.4,0.0574343175982207,0.0277231041900214,1,0.0495266279399908,0.0924112303383154,0,1,0,3
"227",0,1,100,0,0.4,-0.0337902454089652,0.252605043779404,0,-0.102593392063997,0.0389025669838812,1,0,1,4
"228",1,1,100,0,0.4,-0.266982214959222,0.00724904574396019,1,-0.269952849329097,0.00660336076658519,1,1,1,1
"229",0,0,100,0.5,0.4,0.13094808146722,0.244814516741895,0,0.0964904648230085,0.380713304473537,0,0,0,43
"230",1,0,100,0.5,0.4,0.244347781437524,0.0233281748273031,1,0.146576529574106,0.184675131844981,0,1,0,25
"231",0,1,100,0.5,0.4,0.152363557313931,0.130829405851706,0,0.262063317974736,0.0136774599896767,1,0,1,4
"232",1,1,100,0.5,0.4,0.314196972827277,0.00428505660290092,1,0.26981733647174,0.0142659277331576,1,1,1,28
"233",0,0,100,0,0.5,-0.00600540330569472,0.582153938332919,0,0.00154070565891845,0.56113680799138,0,0,0,90
"234",1,0,100,0,0.5,-0.000609364462893766,0.0265456057587895,1,0.0446908656573075,0.285299084442638,0,1,0,4
"235",0,1,100,0,0.5,-0.057227588140595,0.198941345902798,0,-0.106323410378114,0.0350238256274706,1,0,1,4
"236",1,1,100,0,0.5,-0.254645377538494,0.0146860570815338,1,-0.283952900461861,0.0187176599391099,1,1,1,2
"237",0,0,100,0.5,0.5,0.123748297704656,0.26233049697188,0,0.0944339022021961,0.400456667893665,0,0,0,24
"238",1,0,100,0.5,0.5,0.254934655991872,0.0150782798403886,1,0.155603296899316,0.142263792488535,0,1,0,24
"239",0,1,100,0.5,0.5,0.188639951903446,0.0603603355514757,0,0.218506413738028,0.0292836243024029,1,0,1,2
"240",1,1,100,0.5,0.5,0.306916232868718,0.00753799439121742,1,0.275294653356627,0.0132742377429815,1,1,1,50
"241",0,0,100,0,0.6,-0.00400800560383324,0.566709069608979,0,-0.000511940311178303,0.534577453291483,0,0,0,90
"242",1,0,100,0,0.6,0.223049257231378,0.0259414494245318,1,0.130649205166456,0.234846368347369,0,1,0,2
"243",0,1,100,0,0.6,0.0279217372635642,0.238648146082776,0,0.0398022503800517,0.0240565082890177,1,0,1,5
"244",1,1,100,0,0.6,-0.0747782994562961,0.0245142113909728,1,-0.0704889967434461,0.0320502036625963,1,1,1,3
"245",0,0,100,0.5,0.6,0.127930278797435,0.295315105239708,0,0.112063276720243,0.332971394000404,0,0,0,6
"246",1,0,100,0.5,0.6,0.251425127338039,0.0171508409904175,1,0.139436677090473,0.202844501600758,0,1,0,20
"247",0,1,100,0.5,0.6,0.177230878802138,0.083202343408452,0,0.238064093142174,0.0232849424593117,1,0,1,2
"248",1,1,100,0.5,0.6,0.335213353579428,0.00319034878342719,1,0.283682518006848,0.0143260773464539,1,1,1,72
"249",0,0,100,0,0.7,0.00448784370447756,0.52951471371294,0,0.00904066426604989,0.571007571261756,0,0,0,91
"250",1,0,100,0,0.7,0.111207812814253,0.0319118520186776,1,0.0724365824913875,0.115425344274523,0,1,0,4
"251",0,1,100,0,0.7,-0.00750313564829249,0.190267114095312,0,-0.0100329147648921,0.019181008921022,1,0,1,2
"252",1,1,100,0,0.7,-0.0261880708269925,0.0153067497729525,1,-0.0609551180652748,0.0264626896975916,1,1,1,3
"253",0,0,100,0.5,0.7,0.176756720361487,0.0785394241061814,0,0.138445529106094,0.169542835474791,0,0,0,1
"254",1,0,100,0.5,0.7,0.270048746114622,0.0139260350182692,1,0.144255663902745,0.192589275589238,0,1,0,16
"255",1,1,100,0.5,0.7,0.361314848884267,0.00285422520657626,1,0.290001961838655,0.0117771539852227,1,1,1,83
"256",0,0,100,0,0.8,-0.0131695647337449,0.537789056677526,0,-0.00779884032546058,0.485258298295517,0,0,0,93
"257",1,0,100,0,0.8,0.199691881635437,0.0463794649643781,1,0.132414180357783,0.189086880178672,0,1,0,1
"258",0,1,100,0,0.8,-0.0350580907917767,0.299582531324631,0,-0.0774440612457899,0.0211482623137568,1,0,1,3
"259",1,1,100,0,0.8,0.0632252487082994,0.0212344683847845,1,0.103389371099232,0.0188930510539057,1,1,1,3
"260",1,0,100,0.5,0.8,0.286072074745089,0.00925400057333818,1,0.169050829534276,0.0962091666823906,0,1,0,6
"261",1,1,100,0.5,0.8,0.406422889272193,0.00052128663054006,1,0.327171216883194,0.00496298454651529,1,1,1,94
"262",0,0,100,0,0.9,-0.00365568055519712,0.520527050840084,0,-0.00770396829395041,0.56111773127039,0,0,0,88
"263",1,0,100,0,0.9,0.111958202633725,0.0283718045441058,1,0.0979389371026594,0.149641624100813,0,1,0,4
"264",0,1,100,0,0.9,0.0836887558373336,0.189787738332815,0,0.0816229685014415,0.0343875855783365,1,0,1,3
"265",1,1,100,0,0.9,-0.0179508882731254,0.0211258265515679,1,-0.0581199280388979,0.01161694760838,1,1,1,5
"266",1,0,100,0.5,0.9,0.347670164044544,0.000397818671028505,1,0.170214787263327,0.0906045518738966,0,1,0,2
"267",1,1,100,0.5,0.9,0.443402779309343,0.000591220693469888,1,0.353576675237125,0.00422972138200857,1,1,1,98
"268",0,0,120,0,0.3,-0.0128120094912148,0.526370917808012,0,-0.00711571920034064,0.546033738049704,0,0,0,93
"269",1,0,120,0,0.3,-0.218512696507335,0.0164991557262741,1,-0.111569790105416,0.225059081751597,0,1,0,1
"270",0,1,120,0,0.3,0.105839145982725,0.291898136662684,0,0.215446926812472,0.0218375658917492,1,0,1,4
"271",1,1,120,0,0.3,0.239490173754959,0.0120187640856008,1,0.208614226205917,0.0244883809550005,1,1,1,2
"272",0,0,120,0.5,0.3,0.0979347730202691,0.346722355037508,0,0.0852887490281913,0.389832107012929,0,0,0,56
"273",1,0,120,0.5,0.3,0.212932838914869,0.0255822311598867,1,0.123562073299855,0.225440611871763,0,1,0,16
"274",0,1,120,0.5,0.3,0.152362830149337,0.100332026203151,0,0.207676583029733,0.029605412568823,1,0,1,4
"275",1,1,120,0.5,0.3,0.238456397026481,0.0152468262378539,1,0.227735778466672,0.0194427220146165,1,1,1,24
"276",0,0,120,0,0.4,0.00652906797252188,0.543936189335988,0,0.00748045058874421,0.572805749340452,0,0,0,96
"277",1,0,120,0,0.4,-0.13154499251524,0.0206675593887304,1,-0.0636074821611478,0.22047378893939,0,1,0,4
"278",0,0,120,0.5,0.4,0.108317633934303,0.287510686070693,0,0.0661615878320533,0.458102029409764,0,0,0,25
"279",1,0,120,0.5,0.4,0.235667622209065,0.0142925601629745,1,0.131798257263253,0.187141401178028,0,1,0,31
"280",0,1,120,0.5,0.4,0.150634400532819,0.107899866220068,0,0.204193744053566,0.0258283056267624,1,0,1,4
"281",1,1,120,0.5,0.4,0.278140243870681,0.00703375590389558,1,0.256336704687986,0.0137710181649976,1,1,1,40
"282",0,0,120,0,0.5,-0.00379398527210482,0.594481124916348,0,0.000220925031542484,0.574093199782035,0,0,0,85
"283",1,0,120,0,0.5,0.0337657586114326,0.0288791416500904,1,0.0313400746625424,0.198328072901973,0,1,0,7
"284",0,1,120,0,0.5,0.00799813706393486,0.134015383189481,0,-0.0102511285411143,0.0295516289912554,1,0,1,4
"285",1,1,120,0,0.5,-0.242742755022995,0.0152209019928958,1,-0.197074687062615,0.03182437266387,1,1,1,4
"286",0,0,120,0.5,0.5,0.13840458016483,0.152152066175896,0,0.0985931224100759,0.340441651208205,0,0,0,16
"287",1,0,120,0.5,0.5,0.22624903942799,0.017942877769718,1,0.136652816737367,0.175848405752945,0,1,0,23
"288",0,1,120,0.5,0.5,0.139112105015973,0.12969028305316,0,0.184732864887946,0.0433952726342575,1,0,1,1
"289",1,1,120,0.5,0.5,0.27637723923306,0.00682587532308453,1,0.239889017068308,0.0162291028907922,1,1,1,60
"290",0,0,120,0,0.6,0.00779498971479436,0.595561243231187,0,0.0079942928772875,0.55188165539421,0,0,0,95
"291",1,0,120,0,0.6,-0.19843273124753,0.0298087336710937,1,-0.139550434618291,0.1284742295333,0,1,0,1
"292",0,1,120,0,0.6,0.120910000673458,0.217130017166795,0,0.200345713940572,0.0333305656832095,1,0,1,3
"293",1,1,120,0,0.6,-0.222724017097967,0.0144821256606854,1,-0.279340891434043,0.00200327098291394,1,1,1,1
"294",0,0,120,0.5,0.6,0.10616883559682,0.341856202080263,0,0.0945846771980327,0.319589882156801,0,0,0,4
"295",1,0,120,0.5,0.6,0.226018396901899,0.0160532431460862,1,0.13812889225875,0.150837280051122,0,1,0,11
"296",0,1,120,0.5,0.6,0.12535911679094,0.172487331778396,0,0.198666380546392,0.0296126593607673,1,0,1,1
"297",1,1,120,0.5,0.6,0.31759700656352,0.00220397342142198,1,0.27157444367505,0.0107322244168859,1,1,1,84
"298",0,0,120,0,0.7,0.00904834405495893,0.527232967833287,0,0.0100485998540223,0.506854229565884,0,0,0,91
"299",1,0,120,0,0.7,0.101354441179116,0.0353731583941284,1,0.0965925838910137,0.165212738400737,0,1,0,4
"300",0,1,120,0,0.7,0.00858370918902305,0.185874646946507,0,-0.00545819985270245,0.0366833497281983,1,0,1,4
"301",1,1,120,0,0.7,0.23086417141082,0.0111842867589942,1,0.206222128122906,0.0238366234944698,1,1,1,1
"302",1,0,120,0.5,0.7,0.242726333268609,0.0139429903682688,1,0.135452181587405,0.159833244542537,0,1,0,11
"303",1,1,120,0.5,0.7,0.364640812112577,0.00138542349480163,1,0.298890818531644,0.00515697104760309,1,1,1,89
"304",0,0,120,0,0.8,0.00520464252663529,0.507265477803023,0,0.00760159456897863,0.481665978642378,0,0,0,89
"305",1,0,120,0,0.8,-0.00740910281390943,0.0334204599875398,1,-0.0194215919463909,0.109917764176637,0,1,0,2
"306",0,1,120,0,0.8,0.0500649112471828,0.171277418356914,0,0.0847221404114913,0.0133535587265441,1,0,1,6
"307",1,1,120,0,0.8,0.0642663365765795,0.0220198840975584,1,0.0739227325298686,0.0183457030307022,1,1,1,3
"308",1,0,120,0.5,0.8,0.306840836629927,0.00241274591667016,1,0.124718668932303,0.24130557694583,0,1,0,5
"309",1,1,120,0.5,0.8,0.414803956580749,0.000190035543572564,1,0.332865418173104,0.00272926667295658,1,1,1,95
"310",0,0,120,0,0.9,-0.00504147478097286,0.545308202633924,0,-0.00800547579412397,0.544900627485055,0,0,0,96
"311",1,0,120,0,0.9,-0.187787606637241,0.0399865004950988,1,-0.159764283986145,0.0813291039503995,0,1,0,1
"312",0,1,120,0,0.9,0.0225044608173069,0.103523838674975,0,-0.0102192675955873,0.0293676234024634,1,0,1,2
"313",1,1,120,0,0.9,0.291240244106726,0.0012498978619,1,0.22121697146931,0.0151777994037181,1,1,1,1
"314",1,1,120,0.5,0.9,0.441870774577736,7.72990800909423e-05,1,0.350436445423513,0.0023840032832446,1,1,1,100
"315",0,0,140,0,0.3,0.00716242589885446,0.52753252045591,0,0.0094283124757106,0.542416007365117,0,0,0,96
"316",1,0,140,0,0.3,-0.167341410695638,0.0481302388367468,1,-0.156878552441341,0.0641625117977857,0,1,0,1
"317",0,1,140,0,0.3,0.151017361752781,0.0749008774862141,0,0.171639581625827,0.0425875072672257,1,0,1,1
"318",1,1,140,0,0.3,-0.19200575227551,0.0250514549029455,1,-0.226614729756626,0.0176080764974167,1,1,1,2
"319",0,0,140,0.5,0.3,0.0971887756249101,0.299568765883877,0,0.0670764223078283,0.415571065243915,0,0,0,57
"320",1,0,140,0.5,0.3,0.212107958444791,0.0204381421152183,1,0.126316368745043,0.183848378979751,0,1,0,18
"321",0,1,140,0.5,0.3,0.143971951412553,0.0951730982764719,0,0.190982748456274,0.0278708671670715,1,0,1,3
"322",1,1,140,0.5,0.3,0.238034838727449,0.0111647667911521,1,0.219319921300587,0.0158100490409613,1,1,1,22
"323",0,0,140,0,0.4,0.00866270825756121,0.514515457647325,0,0.00199520149720594,0.543300278711645,0,0,0,96
"324",1,0,140,0,0.4,0.254061372192581,0.00245360218993906,1,0.156139068505428,0.0654437521251552,0,1,0,1
"325",0,1,140,0,0.4,-0.135715259313335,0.128692915879513,0,-0.190421449158712,0.0303854960566571,1,0,1,2
"326",1,1,140,0,0.4,-0.244374974067312,0.00361646775938743,1,-0.30365783655096,0.000265089165861086,1,1,1,1
"327",0,0,140,0.5,0.4,0.103676383493227,0.273740755919638,0,0.0775773223978844,0.395506972386542,0,0,0,27
"328",1,0,140,0.5,0.4,0.21280370998956,0.0168685765028791,1,0.118484493758139,0.191399314538183,0,1,0,18
"329",0,1,140,0.5,0.4,0.126571192337338,0.154202027026494,0,0.197928018032331,0.0224441264960554,1,0,1,5
"330",1,1,140,0.5,0.4,0.261625107600392,0.00719622385469508,1,0.230714210544863,0.0121286631523571,1,1,1,50
"331",0,0,140,0,0.5,0.00366373513035435,0.538725242730276,0,-0.005618938993842,0.589657493193027,0,0,0,94
"332",1,0,140,0,0.5,-0.00758773451256549,0.0399484967692445,1,0.0356856429347675,0.386962697595365,0,1,0,2
"333",0,1,140,0,0.5,0.0232976988598637,0.145812024222332,0,0.0179826811916736,0.0253374337077796,1,0,1,2
"334",1,1,140,0,0.5,-0.222529440450427,0.0246288922286914,1,-0.25047250199437,0.0177420076522614,1,1,1,2
"335",0,0,140,0.5,0.5,0.121088516452719,0.188394239413908,0,0.0683033595603602,0.421444152615918,0,0,0,16
"336",1,0,140,0.5,0.5,0.206240420364896,0.0209441756558296,1,0.126571346498804,0.173511804657034,0,1,0,15
"337",0,1,140,0.5,0.5,0.159773221821017,0.0597796477212731,0,0.191159658916249,0.024668065649504,1,0,1,3
"338",1,1,140,0.5,0.5,0.294523992206367,0.00387512309641474,1,0.249441938811702,0.0103780956275916,1,1,1,66
"339",0,0,140,0,0.6,0.00307455134531291,0.522880367136015,0,0.000643226445225552,0.557339272831692,0,0,0,92
"340",1,0,140,0,0.6,-0.0147283697802024,0.0131979603965856,1,0.00434061971624237,0.0593272028164879,0,1,0,2
"341",0,1,140,0,0.6,-0.0312413769595741,0.205081072231229,0,-0.035035945083004,0.0378706619083722,1,0,1,5
"342",1,1,140,0,0.6,-0.248021153991823,0.00313049603138944,1,-0.198340861125641,0.0188163880390023,1,1,1,1
"343",0,0,140,0.5,0.6,0.148189558954324,0.0839443855037555,0,0.0693926433013144,0.500786331669028,0,0,0,3
"344",1,0,140,0.5,0.6,0.24039802913513,0.00977747986281783,1,0.128874346897362,0.147142328751168,0,1,0,13
"345",0,1,140,0.5,0.6,0.151730015863765,0.074771588988459,0,0.190683940960642,0.027312818363353,1,0,1,2
"346",1,1,140,0.5,0.6,0.318892547366499,0.00157968044234135,1,0.262171377855873,0.00710266255806744,1,1,1,82
"347",0,0,140,0,0.7,-0.0104626392578857,0.534231489462272,0,-0.00994018721729922,0.537097626977527,0,0,0,89
"348",1,0,140,0,0.7,-0.122094224451769,0.0267985334915987,1,-0.0585771649987884,0.291690771050364,0,1,0,5
"349",0,1,140,0,0.7,-0.0610329083479699,0.13013922358375,0,-0.0981758350036517,0.0351453442880114,1,0,1,4
"350",1,1,140,0,0.7,-0.1790346763228,0.0353984781778423,1,-0.230090343493988,0.0242281072884678,1,1,1,2
"351",1,0,140,0.5,0.7,0.237832449259471,0.0102875529693887,1,0.143222240497256,0.0993408982328912,0,1,0,9
"352",1,1,140,0.5,0.7,0.359036257500602,0.000552337483525358,1,0.292693654430476,0.00445194869811893,1,1,1,91
"353",0,0,140,0,0.8,-0.00253136810850201,0.545133268295293,0,-0.00185086583113777,0.541310863373189,0,0,0,90
"354",1,0,140,0,0.8,-0.0319560427521108,0.0338275256644591,1,-0.0222177902317607,0.166815870940503,0,1,0,5
"355",0,1,140,0,0.8,0.0801819994358331,0.346326895283373,0,0.183808856116203,0.0297115697612444,1,0,1,1
"356",1,1,140,0,0.8,-0.0121521299050582,0.0266539123874745,1,-0.00202148733298509,0.0304824122113158,1,1,1,4
"357",1,0,140,0.5,0.8,0.245615532980607,0.00382238605644925,1,0.129960033579241,0.135416057216067,0,1,0,2
"358",1,1,140,0.5,0.8,0.41145554326939,0.000379955613876726,1,0.330495667927509,0.00176521794490652,1,1,1,98
"359",0,0,140,0,0.9,0.000738073415127038,0.538667863804442,0,-0.00591394996864797,0.512857221908993,0,0,0,92
"360",1,0,140,0,0.9,0.0660626774125898,0.0373791525505377,1,0.0343550679667771,0.208243672011967,0,1,0,3
"361",0,1,140,0,0.9,0.120751132776994,0.183872029433027,0,0.186241685121823,0.0303346561059889,1,0,1,3
"362",1,1,140,0,0.9,-0.0256079365544931,0.0180965267461944,1,-0.00117993748399077,0.0372054819219056,1,1,1,2
"363",1,1,140,0.5,0.9,0.445001199396929,1.07385299189944e-05,1,0.345933308866884,0.0010895274294291,1,1,1,100
"364",0,0,160,0,0.3,0.00183555279681723,0.514728571214634,0,-0.00552819471305048,0.532060221831076,0,0,0,88
"365",1,0,160,0,0.3,0.192334385883183,0.0169662481300589,1,0.112257097302859,0.16263615387251,0,1,0,3
"366",0,1,160,0,0.3,0.0275360876804466,0.182292936929823,0,0.0616321885896129,0.0190878198553408,1,0,1,3
"367",1,1,160,0,0.3,-0.00325264462495876,0.0199925005762801,1,0.0181640559079563,0.0176128312498186,1,1,1,6
"368",0,0,160,0.5,0.3,0.0769960284552394,0.35882067696359,0,0.0439113991162411,0.511722474915179,0,0,0,45
"369",1,0,160,0.5,0.3,0.191415981299223,0.0230115746028037,1,0.107573224763664,0.221178503332985,0,1,0,22
"370",0,1,160,0.5,0.3,0.130936977649707,0.125583591219353,0,0.176680813554144,0.0284245256238068,1,0,1,5
"371",1,1,160,0.5,0.3,0.223245545925961,0.0143146903249807,1,0.203935208564904,0.0190910840097581,1,1,1,28
"372",0,0,160,0,0.4,-0.00974905057079896,0.529140544532436,0,-0.00381949093966,0.549955836274099,0,0,0,93
"373",1,0,160,0,0.4,-0.0933738025498136,0.0279127969536557,1,-0.0373780730424427,0.175062742673616,0,1,0,4
"374",0,1,160,0,0.4,0.130751819444472,0.107549811381338,0,0.184214130322797,0.0203093666461744,1,0,1,3
"375",0,0,160,0.5,0.4,0.101282472460094,0.23262337878668,0,0.0721007004497263,0.390454501954921,0,0,0,24
"376",1,0,160,0.5,0.4,0.196414069662347,0.0165711799818098,1,0.113537370936631,0.190668979308412,0,1,0,22
"377",0,1,160,0.5,0.4,0.131801727541246,0.113884186954356,0,0.186805006493109,0.0279967648697208,1,0,1,3
"378",1,1,160,0.5,0.4,0.251293429426494,0.00692203286461179,1,0.224722125350014,0.012598258473442,1,1,1,51
"379",0,0,160,0,0.5,-0.000851525502798161,0.497594413580521,0,8.37044971869599e-05,0.491703225698235,0,0,0,91
"380",1,0,160,0,0.5,-0.177830913034019,0.0282936700498475,1,-0.123832109855351,0.130363589888783,0,1,0,4
"381",0,1,160,0,0.5,0.121187762856535,0.140753576530872,0,0.183465987500979,0.0210785113871682,1,0,1,4
"382",1,1,160,0,0.5,-0.194306858719746,0.0138145304799153,1,-0.172366976693919,0.0292920424493688,1,1,1,1
"383",0,0,160,0.5,0.5,0.121245918877825,0.143695243065203,0,0.0699339792560571,0.424622677569999,0,0,0,4
"384",1,0,160,0.5,0.5,0.202600027649857,0.0134699967369986,1,0.127972442348564,0.11669815784404,0,1,0,17
"385",0,1,160,0.5,0.5,0.138677070254827,0.0832941092098336,0,0.174157662555321,0.0286639474723203,1,0,1,3
"386",1,1,160,0.5,0.5,0.275024764155965,0.00296377166162627,1,0.235412915500792,0.00844108981729126,1,1,1,76
"387",0,0,160,0,0.6,-0.00812412783794523,0.480398534262283,0,-0.0106453280092169,0.525037508768804,0,0,0,89
"388",1,0,160,0,0.6,0.108640752484946,0.0212798902858983,1,0.0505269995848676,0.131904944617623,0,1,0,4
"389",0,1,160,0,0.6,0.0888794392392822,0.276916468843194,0,0.178796082915039,0.0271966314064412,1,0,1,4
"390",1,1,160,0,0.6,-0.0618696656090309,0.0350496472855478,1,-0.0589227715415699,0.0302520566545887,1,1,1,3
"391",0,0,160,0.5,0.6,0.153289341336096,0.0529628061637706,0,0.0973573489673982,0.220673245351174,0,0,0,1
"392",1,0,160,0.5,0.6,0.222561076589148,0.007655777346669,1,0.122451241901374,0.145008706067088,0,1,0,11
"393",1,1,160,0.5,0.6,0.314863673748518,0.000615515480539793,1,0.256113521271887,0.00652886844341105,1,1,1,88
"394",0,0,160,0,0.7,-0.000435146162674077,0.511937078262544,0,-0.000124264230518468,0.501770861595259,0,0,0,90
"395",1,0,160,0,0.7,0.0123082461895238,0.0172895180704067,1,-0.0102025633600077,0.147607041159686,0,1,0,4
"396",0,1,160,0,0.7,0.0329423227860911,0.164907445112137,0,0.0147416903412125,0.022858603023908,1,0,1,2
"397",1,1,160,0,0.7,-0.192590463074187,0.0216269873856234,1,-0.182855682738552,0.0225291748986403,1,1,1,4
"398",1,0,160,0.5,0.7,0.274092421770057,0.0045403565632387,1,0.132674751593826,0.0951263809376599,0,1,0,4
"399",1,1,160,0.5,0.7,0.352563995617326,0.000260464876857503,1,0.279058965925725,0.00361403529355541,1,1,1,96
"400",0,0,160,0,0.8,-0.0124516589510004,0.543906134628541,0,-0.010289320368744,0.570380097408649,0,0,0,87
"401",1,0,160,0,0.8,0.10407657141429,0.0283271094811694,1,0.0743656855446269,0.192867210965015,0,1,0,6
"402",0,1,160,0,0.8,-0.109074292623192,0.17217158197076,0,-0.1728392794325,0.031572985420681,1,0,1,2
"403",1,1,160,0,0.8,0.0296440600829252,0.0229545391172114,1,0.0514509355349532,0.0212769006391677,1,1,1,5
"404",1,0,160,0.5,0.8,0.236806583144103,0.00257056267367761,1,0.120255013267114,0.129849780767828,0,1,0,1
"405",1,1,160,0.5,0.8,0.406828165267459,2.10643816566832e-05,1,0.328374307825009,0.00102985373931132,1,1,1,99
"406",0,0,160,0,0.9,-0.00534680067713062,0.537948812855003,0,-0.0108220550705179,0.559630243190741,0,0,0,93
"407",1,0,160,0,0.9,0.0711672330703271,0.0283243723341223,1,0.0485208993825855,0.218903962522148,0,1,0,3
"408",0,1,160,0,0.9,0.0205887846655208,0.245059658733337,0,0.0132441461886422,0.0318322754276472,1,0,1,4
"409",1,1,160,0.5,0.9,0.44255149334713,4.55357182626459e-06,1,0.344917780254484,0.000448319022302344,1,1,1,100
"410",0,0,180,0,0.3,0.00766948572739119,0.533424286926935,0,0.005755666238731,0.51314627372939,0,0,0,95
"411",1,0,180,0,0.3,-0.1472479416165,0.0485478870736434,1,-0.134004819577393,0.0729032788998931,0,1,0,1
"412",0,1,180,0,0.3,-0.108364589682188,0.187039741249719,0,-0.161010527768954,0.0314398311906868,1,0,1,3
"413",1,1,180,0,0.3,-0.197991806182368,0.00771578180093305,1,-0.155262078791243,0.0374169851987386,1,1,1,1
"414",0,0,180,0.5,0.3,0.0903105278016274,0.282145309596773,0,0.0522758000365258,0.492816707162619,0,0,0,45
"415",1,0,180,0.5,0.3,0.181464024748121,0.0216327596506451,1,0.0946878724273101,0.23563302919769,0,1,0,19
"416",0,1,180,0.5,0.3,0.115107352829215,0.144339033659603,0,0.1621327097241,0.0299284248654174,1,0,1,2
"417",1,1,180,0.5,0.3,0.221937310574032,0.00856911564398444,1,0.196717525924226,0.0134846825592321,1,1,1,34
"418",0,0,180,0,0.4,0.0071622886691728,0.516090711957095,0,0.00745414988205479,0.521874568099272,0,0,0,90
"419",1,0,180,0,0.4,-0.0490811801638558,0.0480511269746151,1,-0.0132153456238767,0.329478345511368,0,1,0,3
"420",0,1,180,0,0.4,0.0308591685681089,0.292930082793917,0,0.0111906283697014,0.0355159910939127,1,0,1,2
"421",1,1,180,0,0.4,-0.0282786976348901,0.0285618230635786,1,-0.029115887773068,0.0265952213339904,1,1,1,5
"422",0,0,180,0.5,0.4,0.0858565408100423,0.277000571766829,0,0.0620163174826055,0.410336761279975,0,0,0,10
"423",1,0,180,0.5,0.4,0.195663845215271,0.012426879877975,1,0.107606333787534,0.179599096534842,0,1,0,25
"424",0,1,180,0.5,0.4,0.140152526215224,0.0612954633917053,0,0.18598665397279,0.016195562445491,1,0,1,2
"425",1,1,180,0.5,0.4,0.24928856891556,0.00314572828957428,1,0.210282826838981,0.0123214957579757,1,1,1,63
"426",0,0,180,0,0.5,-0.004215730335108,0.493841779926912,0,-0.00307421734337871,0.530982329637197,0,0,0,96
"427",1,0,180,0,0.5,0.0600741309194879,0.0307021983570628,1,0.0290005602423151,0.167432070331748,0,1,0,3
"428",1,1,180,0,0.5,-0.17894339415953,0.0162396682608184,1,-0.181911809238242,0.0145243158647069,1,1,1,1
"429",0,0,180,0.5,0.5,0.117471338935505,0.174452950307387,0,0.0732621780058,0.365470724644202,0,0,0,10
"430",1,0,180,0.5,0.5,0.225059877068211,0.00853260488648546,1,0.125394370914024,0.100637635729182,0,1,0,10
"431",1,1,180,0.5,0.5,0.272949681262,0.00246794943483011,1,0.228114412706983,0.00751107674046007,1,1,1,80
"432",0,0,180,0,0.6,-0.00165878984244267,0.496600611369505,0,-0.000564296947188121,0.482837541604308,0,0,0,94
"433",1,0,180,0,0.6,0.0555515619770509,0.022696533092788,1,0.0282411791710883,0.227959802070691,0,1,0,3
"434",0,1,180,0,0.6,-0.025393818464421,0.192133900786144,0,-0.0244202228585199,0.0260854743689089,1,0,1,2
"435",1,1,180,0,0.6,-0.191283679212667,0.0101037723268556,1,-0.225449898981827,0.00234287407372806,1,1,1,1
"436",1,0,180,0.5,0.6,0.220278856791343,0.0100762112175215,1,0.118890437922928,0.128698685537707,0,1,0,8
"437",1,1,180,0.5,0.6,0.304221868056556,0.00116662650900863,1,0.248765236561072,0.00536461400314829,1,1,1,92
"438",0,0,180,0,0.7,-0.000422100271772669,0.505955552360795,0,0.00746942762356664,0.491787903218543,0,0,0,91
"439",1,0,180,0,0.7,-0.186948289637629,0.0182398592023027,1,-0.12867645719028,0.086749576516481,0,1,0,2
"440",0,1,180,0,0.7,0.105031433894298,0.163902557337647,0,0.166655925700961,0.0277722991556567,1,0,1,3
"441",1,1,180,0,0.7,-0.098187961390352,0.01320943332893,1,-0.073349573508695,0.0257570856923771,1,1,1,4
"442",1,0,180,0.5,0.7,0.250275616379523,0.00137836741135067,1,0.129647547384625,0.0937349081313355,0,1,0,4
"443",1,1,180,0.5,0.7,0.357282509010734,9.80934630382772e-05,1,0.289027094624924,0.00232981763306486,1,1,1,96
"444",0,0,180,0,0.8,0.00174347286891549,0.484710920604193,0,0.00581429581040423,0.52796481770895,0,0,0,92
"445",1,0,180,0,0.8,0.00862177145321091,0.0330360957191353,1,0.0237599165135296,0.180754658836878,0,1,0,4
"446",0,1,180,0,0.8,-0.137934680778183,0.0648150346027917,0,-0.162214418838958,0.0295849638602341,1,0,1,1
"447",1,1,180,0,0.8,-0.046748848730124,0.0256868702147917,1,-0.0524037322758476,0.0163616916279102,1,1,1,3
"448",1,0,180,0.5,0.8,0.275994853862619,0.000176716740393212,1,0.128577377865864,0.0854004444437495,0,1,0,1
"449",1,1,180,0.5,0.8,0.387899335940506,4.81654090847825e-05,1,0.3149982429295,0.00113215587015293,1,1,1,99
"450",0,0,180,0,0.9,0.00400873495423487,0.531214028272832,0,0.00676498111327607,0.606004941233715,0,0,0,90
"451",1,0,180,0,0.9,-0.0392197529204814,0.02881576329342,1,-0.0147900093591225,0.270551567563283,0,1,0,5
"452",0,1,180,0,0.9,-0.0384267313250049,0.276745698977235,0,-0.0638109112480197,0.0300398363692862,1,0,1,3
"453",1,1,180,0,0.9,0.194173220903183,0.0115020572682961,1,0.17210321702257,0.0238749804055897,1,1,1,2
"454",1,1,180,0.5,0.9,0.450429224894689,4.59200814231231e-07,1,0.356228299292507,0.000110087921347752,1,1,1,100
"455",0,0,200,0,0.3,0.0031008336968617,0.53590731841051,0,0.00658490019248695,0.518163023095642,0,0,0,95
"456",1,0,200,0,0.3,-0.00325219812058256,0.0356399241912847,1,0.0105215987492408,0.0856987733594417,0,1,0,2
"457",0,1,200,0,0.3,-0.0151974033495277,0.239374408817894,0,0.00120534075238816,0.0450012392467566,1,0,1,2
"458",1,1,200,0,0.3,0.162134542510181,0.0218046078795566,1,0.141353263872922,0.0458748474484629,1,1,1,1
"459",0,0,200,0.5,0.3,0.0828949967377056,0.308875490090479,0,0.0607999845359778,0.418598991203052,0,0,0,32
"460",1,0,200,0.5,0.3,0.164326524221051,0.0256348859977376,1,0.104385332206471,0.158079588397975,0,1,0,23
"461",0,1,200,0.5,0.3,0.115649926370416,0.121800202869703,0,0.172309280585147,0.0196091173536493,1,0,1,4
"462",1,1,200,0.5,0.3,0.210158982840754,0.00802515499936417,1,0.191020368907313,0.0156946372810535,1,1,1,41
"463",0,0,200,0,0.4,0.00633119501968364,0.503892748839492,0,0.00786503710088477,0.492920846450864,0,0,0,92
"464",1,0,200,0,0.4,0.000306939172106377,0.02621899710072,1,-0.00898866366374758,0.183371889326035,0,1,0,4
"465",0,1,200,0,0.4,-0.0153403696773628,0.12044480427708,0,0.0228308387120059,0.0216174260060944,1,0,1,2
"466",1,1,200,0,0.4,-0.182028193907041,0.0150603243371782,1,-0.176208834903266,0.0129151266991082,1,1,1,2
"467",0,0,200,0.5,0.4,0.103586753245911,0.178566966233931,0,0.0730197400132837,0.325084824155619,0,0,0,18
"468",1,0,200,0.5,0.4,0.191483141441512,0.0131366291419023,1,0.106530261073549,0.150162215951594,0,1,0,14
"469",0,1,200,0.5,0.4,0.109928241368863,0.127735436235775,0,0.146258668251047,0.0387819180633827,1,0,1,2
"470",1,1,200,0.5,0.4,0.223055727082977,0.00650815170175747,1,0.194434532454519,0.0121404269057903,1,1,1,66
"471",0,0,200,0,0.5,0.00225401561377379,0.562469989953494,0,0.00320575493651695,0.570673676211673,0,0,0,93
"472",1,0,200,0,0.5,-0.164127463809101,0.0234105721185321,1,-0.0743709823154121,0.345167916726647,0,1,0,3
"473",0,1,200,0,0.5,0.11612282326842,0.103695035544685,0,0.153242305489342,0.0319107793423302,1,0,1,2
"474",1,1,200,0,0.5,0.00102542640738777,0.034919735647153,1,-0.022292650675812,0.0245275310245887,1,1,1,2
"475",0,0,200,0.5,0.5,0.101989330302676,0.16967786390082,0,0.0433580441717812,0.46056587078968,0,0,0,4
"476",1,0,200,0.5,0.5,0.189447483686508,0.0113865455783789,1,0.10745147021451,0.145517154622321,0,1,0,20
"477",1,1,200,0.5,0.5,0.263591327920269,0.00296009284018486,1,0.217174553913186,0.00755596483453453,1,1,1,76
"478",0,0,200,0,0.6,-0.0116643971839961,0.549892057758712,0,-0.00840458585635795,0.512509293726093,0,0,0,93
"479",1,0,200,0,0.6,0.00159752953004155,0.0429299435934037,1,0.00305901341803867,0.172190353183276,0,1,0,4
"480",0,1,200,0,0.6,-0.102243077143562,0.158399608133269,0,-0.168759487070984,0.016968585574946,1,0,1,2
"481",1,1,200,0,0.6,-0.187107153210878,0.00797846020932243,1,-0.17303751790913,0.0142739769307957,1,1,1,1
"482",1,0,200,0.5,0.6,0.212818131284854,0.011033636112607,1,0.115820599957501,0.107322173844826,0,1,0,3
"483",1,1,200,0.5,0.6,0.309879563174661,0.000790713756050538,1,0.248863271435522,0.00429354532847019,1,1,1,97
"484",0,0,200,0,0.7,-0.00211842929274086,0.531498200169668,0,-0.00401363432284745,0.501157049443891,0,0,0,97
"485",1,0,200,0,0.7,-0.159915333649205,0.02370077214002,1,-0.101435778842487,0.152942183973765,0,1,0,1
"486",0,1,200,0,0.7,0.0817410892263352,0.249866216186086,0,0.141167055342692,0.04616448747897,1,0,1,1
"487",1,1,200,0,0.7,-0.182436302701347,0.00972088063182976,1,-0.167402483242091,0.0178201745158967,1,1,1,1
"488",0,0,200,0.5,0.7,0.13176064183243,0.0629118773391504,0,0.107837598223011,0.128528429758788,0,0,0,1
"489",1,0,200,0.5,0.7,0.207575133908888,0.00497492575779446,1,0.0994556613457211,0.191586640325068,0,1,0,3
"490",1,1,200,0.5,0.7,0.355435486261561,0.000117967081779816,1,0.283063202156208,0.00171757339893047,1,1,1,96
"491",0,0,200,0,0.8,0.00375752103929379,0.546318420605544,0,0.00824499208869786,0.493318513380214,0,0,0,89
"492",1,0,200,0,0.8,-0.0074155029064076,0.0286055112454492,1,0.0220251192589472,0.243260557618434,0,1,0,4
"493",0,1,200,0,0.8,-0.0710201805115165,0.16718348225319,0,-0.0820114834624055,0.0336467713063647,1,0,1,4
"494",1,1,200,0,0.8,0.0409222734935005,0.0239589033217047,1,0.0676851634312907,0.0197039502976882,1,1,1,3
"495",1,1,200,0.5,0.8,0.405678844086266,0.000130414775725078,1,0.3218377821322,0.000293104904297898,1,1,1,100
"496",0,0,200,0,0.9,-0.00014876421842082,0.558583250892239,0,0.00255378596946083,0.505845658267926,0,0,0,92
"497",1,0,200,0,0.9,0.143337686616819,0.042881434431711,1,0.0898410397121738,0.205821038271357,0,1,0,1
"498",0,1,200,0,0.9,-0.0338740422578751,0.160392091112376,0,-0.0611770133354461,0.031942261838479,1,0,1,3
"499",1,1,200,0,0.9,0.0139591328988372,0.017644512204028,1,0.0220709127258917,0.0256968963276255,1,1,1,4
"500",1,1,200,0.5,0.9,0.434947339738718,3.31329465275143e-07,1,0.347637477785821,0.000434542226769201,1,1,1,100
